insert into POST (POSTID, CREATOR, WINNER, TITLE, DEFINITION)
VALUES (1000, 'Teo', 'Raphi', 'Workout Challenge',
        'Try to do 10 Sit-Ups in the shortest possible time and submit your time in seconds');

insert into POST (POSTID, CREATOR, WINNER, TITLE, DEFINITION)
values (1001, 'Felix', 'Teo', 'Blindfolded Food Eating Challenge',
        'Blindfold one of the friends in your group. The others can take turns to feed them different kinds of food – it may be the sweetest sugar cube to the hottest Carolina Reaper pepper. They must guess what food it is. The person with the most number of correct guesses wins.');

insert into POST (POSTID, CREATOR, WINNER, TITLE, DEFINITION)
values (1002, 'Raphi', 'Jannis', 'Ice Bath Challenge',
        'Fill your bathtub up with cold water and then add 3kg of ice, the person who stays in there the longest wins');

insert into POST (POSTID, CREATOR, WINNER, TITLE, DEFINITION)
values (1003, 'Felix', 'Raphi', 'Balloon-In-Air Challenge',
        'Each person gets a balloon filled up with Radon [Rn 86]. They have to keep their balloon in their by blowing against it. The person who holds it up the longest wins.');

insert into POST (POSTID, CREATOR, WINNER, TITLE, DEFINITION)
values (1004, 'Jannis', 'Felix', 'Building A Cheese Cracker House',
        'Everybody knows how to build a tower out of card, now do it with Cheez its. The Person who accomplishes this the fastest wins.');

insert into POST (POSTID, CREATOR, WINNER, TITLE, DEFINITION)
values (1005, 'Teo', 'Felix', 'Mimicry Challenge',
        'Impersonate someone we know. After 30 rounds, the person with the most correct guesses wins.');

insert into POST (POSTID, CREATOR, WINNER, TITLE, DEFINITION)
values (1006, 'Teo', 'Raphi', 'Stuffing A Pancake Challenge',
        'Prepare huge pancakes for this food challenge, and whoever finishes their pancake first wins. Hot-Sauce must be poured on to the pancake.');

insert into POST (POSTID, CREATOR, WINNER, TITLE, DEFINITION)
values (1007, 'Raphi', 'Jannis', 'Brain Freezer Challenge',
        'You have to stand in ice cold water and answer general knowledge questions. The longer you take to answer, the more ice cubes you add to the tub. The one who answers all the questions the quickest wins');

insert into POST (POSTID, CREATOR, WINNER, TITLE, DEFINITION)
values (1008, 'Jannis', 'Felix', 'Talk To A Stranger',
        'Your friends need to go out and start a conversation with a random stranger. The one to keep the conversation going the longest wins.');

insert into POST (POSTID, CREATOR, WINNER, TITLE, DEFINITION)
values (1009, 'Teo', 'Raphi', 'Drinking Challenge',
        'Drink a shot accompanied by 3 push ups. The one who drank the most shots wins.');

insert into POST (POSTID, CREATOR, WINNER, TITLE, DEFINITION)
values (1010, 'Felix', 'Teo', 'Jump Rope Challenge',
        'The person who manages to continue skipping the longest wins.');

insert into POST (POSTID, CREATOR, WINNER, TITLE, DEFINITION)
values (1011, 'Felix', 'Raphi', 'Singing With Water In The Mouth',
        'The one to hold on to the song the longest without gulping the water or spitting it out wins.');

insert into POST (POSTID, CREATOR, WINNER, TITLE, DEFINITION)
values (1012, 'Jannis', 'Jannis', 'Silent Library',
        'Be an asshole and make noise in a library for 5min. The one who gets shushed the least amount of times wins.');

insert into POSTDETAIL (POSTDETAILSID, CREATOR, BET)
VALUES (1000, 'Raphi', '16s');
insert into POSTDETAIL (POSTDETAILSID, CREATOR, BET)
VALUES (1001, 'Felix', '19s');
insert into POSTDETAIL (POSTDETAILSID, CREATOR, BET)
VALUES (1002, 'Jannis', '19s');
insert into POSTDETAIL (POSTDETAILSID, CREATOR, BET)
VALUES (1003, 'Teo', '17s');

insert into POSTDETAIL (POSTDETAILSID, CREATOR, BET)
VALUES (1000, 'Raphi', '16s');
insert into POSTDETAIL (POSTDETAILSID, CREATOR, BET)
VALUES (1001, 'Felix', '19s');
insert into POSTDETAIL (POSTDETAILSID, CREATOR, BET)
VALUES (1002, 'Jannis', '19s');
insert into POSTDETAIL (POSTDETAILSID, CREATOR, BET)
VALUES (1003, 'Teo', '17s');

insert into POSTDETAIL (POSTDETAILSID, CREATOR, BET)
VALUES (1000, 'Raphi', '16s');
insert into POSTDETAIL (POSTDETAILSID, CREATOR, BET)
VALUES (1001, 'Felix', '19s');
insert into POSTDETAIL (POSTDETAILSID, CREATOR, BET)
VALUES (1002, 'Jannis', '19s');
insert into POSTDETAIL (POSTDETAILSID, CREATOR, BET)
VALUES (1003, 'Teo', '17s');

insert into POSTDETAIL (POSTDETAILSID, CREATOR, BET)
VALUES (1000, 'Raphi', '16s');
insert into POSTDETAIL (POSTDETAILSID, CREATOR, BET)
VALUES (1001, 'Felix', '19s');
insert into POSTDETAIL (POSTDETAILSID, CREATOR, BET)
VALUES (1002, 'Jannis', '19s');
insert into POSTDETAIL (POSTDETAILSID, CREATOR, BET)
VALUES (1003, 'Teo', '17s');

insert into POSTDETAIL (POSTDETAILSID, CREATOR, BET)
VALUES (1000, 'Raphi', '16s');
insert into POSTDETAIL (POSTDETAILSID, CREATOR, BET)
VALUES (1001, 'Felix', '19s');
insert into POSTDETAIL (POSTDETAILSID, CREATOR, BET)
VALUES (1002, 'Jannis', '19s');
insert into POSTDETAIL (POSTDETAILSID, CREATOR, BET)
VALUES (1003, 'Teo', '17s');

insert into POSTDETAIL (POSTDETAILSID, CREATOR, BET)
VALUES (1000, 'Raphi', '16s');
insert into POSTDETAIL (POSTDETAILSID, CREATOR, BET)
VALUES (1001, 'Felix', '19s');
insert into POSTDETAIL (POSTDETAILSID, CREATOR, BET)
VALUES (1002, 'Jannis', '19s');
insert into POSTDETAIL (POSTDETAILSID, CREATOR, BET)
VALUES (1003, 'Teo', '17s');

insert into POSTDETAIL (POSTDETAILSID, CREATOR, BET)
VALUES (1000, 'Raphi', '16s');
insert into POSTDETAIL (POSTDETAILSID, CREATOR, BET)
VALUES (1001, 'Felix', '19s');
insert into POSTDETAIL (POSTDETAILSID, CREATOR, BET)
VALUES (1002, 'Jannis', '19s');
insert into POSTDETAIL (POSTDETAILSID, CREATOR, BET)
VALUES (1003, 'Teo', '17s');

insert into POSTDETAIL (POSTDETAILSID, CREATOR, BET)
VALUES (1000, 'Raphi', '16s');
insert into POSTDETAIL (POSTDETAILSID, CREATOR, BET)
VALUES (1001, 'Felix', '19s');
insert into POSTDETAIL (POSTDETAILSID, CREATOR, BET)
VALUES (1002, 'Jannis', '19s');
insert into POSTDETAIL (POSTDETAILSID, CREATOR, BET)
VALUES (1003, 'Teo', '17s');

insert into POSTDETAIL (POSTDETAILSID, CREATOR, BET)
VALUES (1000, 'Raphi', '16s');
insert into POSTDETAIL (POSTDETAILSID, CREATOR, BET)
VALUES (1001, 'Felix', '19s');
insert into POSTDETAIL (POSTDETAILSID, CREATOR, BET)
VALUES (1002, 'Jannis', '19s');
insert into POSTDETAIL (POSTDETAILSID, CREATOR, BET)
VALUES (1003, 'Teo', '17s');

insert into POSTDETAIL (POSTDETAILSID, CREATOR, BET)
VALUES (1000, 'Raphi', '16s');
insert into POSTDETAIL (POSTDETAILSID, CREATOR, BET)
VALUES (1001, 'Felix', '19s');
insert into POSTDETAIL (POSTDETAILSID, CREATOR, BET)
VALUES (1002, 'Jannis', '19s');
insert into POSTDETAIL (POSTDETAILSID, CREATOR, BET)
VALUES (1003, 'Teo', '17s');

insert into POSTDETAIL (POSTDETAILSID, CREATOR, BET)
VALUES (1000, 'Raphi', '16s');
insert into POSTDETAIL (POSTDETAILSID, CREATOR, BET)
VALUES (1001, 'Felix', '19s');
insert into POSTDETAIL (POSTDETAILSID, CREATOR, BET)
VALUES (1002, 'Jannis', '19s');
insert into POSTDETAIL (POSTDETAILSID, CREATOR, BET)
VALUES (1003, 'Teo', '17s');

insert into POSTDETAIL (POSTDETAILSID, CREATOR, BET)
VALUES (1000, 'Raphi', '16s');
insert into POSTDETAIL (POSTDETAILSID, CREATOR, BET)
VALUES (1001, 'Felix', '19s');
insert into POSTDETAIL (POSTDETAILSID, CREATOR, BET)
VALUES (1002, 'Jannis', '19s');
insert into POSTDETAIL (POSTDETAILSID, CREATOR, BET)
VALUES (1003, 'Teo', '17s');

insert into POST_POSTDETAIL (POST_POSTID, POSTDETAILS_POSTDETAILSID)
VALUES (1000, 1000);
insert into POST_POSTDETAIL (POST_POSTID, POSTDETAILS_POSTDETAILSID)
VALUES (1000, 1001);
insert into POST_POSTDETAIL (POST_POSTID, POSTDETAILS_POSTDETAILSID)
VALUES (1000, 1002);
insert into POST_POSTDETAIL (POST_POSTID, POSTDETAILS_POSTDETAILSID)
VALUES (1000, 1003);

insert into POST_POSTDETAIL (POST_POSTID, POSTDETAILS_POSTDETAILSID)
VALUES (1001, 1000);
insert into POST_POSTDETAIL (POST_POSTID, POSTDETAILS_POSTDETAILSID)
VALUES (1001, 1001);
insert into POST_POSTDETAIL (POST_POSTID, POSTDETAILS_POSTDETAILSID)
VALUES (1001, 1002);
insert into POST_POSTDETAIL (POST_POSTID, POSTDETAILS_POSTDETAILSID)
VALUES (1001, 1003);

insert into POST_POSTDETAIL (POST_POSTID, POSTDETAILS_POSTDETAILSID)
VALUES (1002, 1000);
insert into POST_POSTDETAIL (POST_POSTID, POSTDETAILS_POSTDETAILSID)
VALUES (1002, 1001);
insert into POST_POSTDETAIL (POST_POSTID, POSTDETAILS_POSTDETAILSID)
VALUES (1002, 1002);
insert into POST_POSTDETAIL (POST_POSTID, POSTDETAILS_POSTDETAILSID)
VALUES (1002, 1003);

insert into POST_POSTDETAIL (POST_POSTID, POSTDETAILS_POSTDETAILSID)
VALUES (1003, 1000);
insert into POST_POSTDETAIL (POST_POSTID, POSTDETAILS_POSTDETAILSID)
VALUES (1003, 1001);
insert into POST_POSTDETAIL (POST_POSTID, POSTDETAILS_POSTDETAILSID)
VALUES (1003, 1002);
insert into POST_POSTDETAIL (POST_POSTID, POSTDETAILS_POSTDETAILSID)
VALUES (1003, 1003);

insert into POST_POSTDETAIL (POST_POSTID, POSTDETAILS_POSTDETAILSID)
VALUES (1004, 1000);
insert into POST_POSTDETAIL (POST_POSTID, POSTDETAILS_POSTDETAILSID)
VALUES (1004, 1001);
insert into POST_POSTDETAIL (POST_POSTID, POSTDETAILS_POSTDETAILSID)
VALUES (1004, 1002);
insert into POST_POSTDETAIL (POST_POSTID, POSTDETAILS_POSTDETAILSID)
VALUES (1004, 1003);

insert into POST_POSTDETAIL (POST_POSTID, POSTDETAILS_POSTDETAILSID)
VALUES (1005, 1000);
insert into POST_POSTDETAIL (POST_POSTID, POSTDETAILS_POSTDETAILSID)
VALUES (1005, 1001);
insert into POST_POSTDETAIL (POST_POSTID, POSTDETAILS_POSTDETAILSID)
VALUES (1005, 1002);
insert into POST_POSTDETAIL (POST_POSTID, POSTDETAILS_POSTDETAILSID)
VALUES (1005, 1003);

insert into POST_POSTDETAIL (POST_POSTID, POSTDETAILS_POSTDETAILSID)
VALUES (1006, 1000);
insert into POST_POSTDETAIL (POST_POSTID, POSTDETAILS_POSTDETAILSID)
VALUES (1006, 1001);
insert into POST_POSTDETAIL (POST_POSTID, POSTDETAILS_POSTDETAILSID)
VALUES (1006, 1002);
insert into POST_POSTDETAIL (POST_POSTID, POSTDETAILS_POSTDETAILSID)
VALUES (1006, 1003);

insert into POST_POSTDETAIL (POST_POSTID, POSTDETAILS_POSTDETAILSID)
VALUES (1007, 1000);
insert into POST_POSTDETAIL (POST_POSTID, POSTDETAILS_POSTDETAILSID)
VALUES (1007, 1001);
insert into POST_POSTDETAIL (POST_POSTID, POSTDETAILS_POSTDETAILSID)
VALUES (1007, 1002);
insert into POST_POSTDETAIL (POST_POSTID, POSTDETAILS_POSTDETAILSID)
VALUES (1007, 1003);

insert into POST_POSTDETAIL (POST_POSTID, POSTDETAILS_POSTDETAILSID)
VALUES (1008, 1000);
insert into POST_POSTDETAIL (POST_POSTID, POSTDETAILS_POSTDETAILSID)
VALUES (1008, 1001);
insert into POST_POSTDETAIL (POST_POSTID, POSTDETAILS_POSTDETAILSID)
VALUES (1008, 1002);
insert into POST_POSTDETAIL (POST_POSTID, POSTDETAILS_POSTDETAILSID)
VALUES (1008, 1003);

insert into POST_POSTDETAIL (POST_POSTID, POSTDETAILS_POSTDETAILSID)
VALUES (1009, 1000);
insert into POST_POSTDETAIL (POST_POSTID, POSTDETAILS_POSTDETAILSID)
VALUES (1009, 1001);
insert into POST_POSTDETAIL (POST_POSTID, POSTDETAILS_POSTDETAILSID)
VALUES (1009, 1002);
insert into POST_POSTDETAIL (POST_POSTID, POSTDETAILS_POSTDETAILSID)
VALUES (1009, 1003);

insert into POST_POSTDETAIL (POST_POSTID, POSTDETAILS_POSTDETAILSID)
VALUES (1010, 1000);
insert into POST_POSTDETAIL (POST_POSTID, POSTDETAILS_POSTDETAILSID)
VALUES (1010, 1001);
insert into POST_POSTDETAIL (POST_POSTID, POSTDETAILS_POSTDETAILSID)
VALUES (1010, 1002);
insert into POST_POSTDETAIL (POST_POSTID, POSTDETAILS_POSTDETAILSID)
VALUES (1000, 1003);

insert into POST_POSTDETAIL (POST_POSTID, POSTDETAILS_POSTDETAILSID)
VALUES (1011, 1000);
insert into POST_POSTDETAIL (POST_POSTID, POSTDETAILS_POSTDETAILSID)
VALUES (1011, 1001);
insert into POST_POSTDETAIL (POST_POSTID, POSTDETAILS_POSTDETAILSID)
VALUES (1011, 1002);
insert into POST_POSTDETAIL (POST_POSTID, POSTDETAILS_POSTDETAILSID)
VALUES (1011, 1003);

insert into POST_POSTDETAIL (POST_POSTID, POSTDETAILS_POSTDETAILSID)
VALUES (1012, 1000);
insert into POST_POSTDETAIL (POST_POSTID, POSTDETAILS_POSTDETAILSID)
VALUES (1012, 1001);
insert into POST_POSTDETAIL (POST_POSTID, POSTDETAILS_POSTDETAILSID)
VALUES (1012, 1002);
insert into POST_POSTDETAIL (POST_POSTID, POSTDETAILS_POSTDETAILSID)
VALUES (1012, 1003);

--------------------------------------------------------------------

insert into POST_POSTDETAIL (POST_POSTID, POSTDETAILS_POSTDETAILSID)
VALUES (1012, 1000);
insert into POST_POSTDETAIL (POST_POSTID, POSTDETAILS_POSTDETAILSID)
VALUES (1012, 1001);
insert into POST_POSTDETAIL (POST_POSTID, POSTDETAILS_POSTDETAILSID)
VALUES (1012, 1002);
insert into POST_POSTDETAIL (POST_POSTID, POSTDETAILS_POSTDETAILSID)
VALUES (1012, 1003);

insert into POST_POSTDETAIL (POST_POSTID, POSTDETAILS_POSTDETAILSID)
VALUES (1012, 1000);
insert into POST_POSTDETAIL (POST_POSTID, POSTDETAILS_POSTDETAILSID)
VALUES (1012, 1001);
insert into POST_POSTDETAIL (POST_POSTID, POSTDETAILS_POSTDETAILSID)
VALUES (1012, 1002);
insert into POST_POSTDETAIL (POST_POSTID, POSTDETAILS_POSTDETAILSID)
VALUES (1012, 1003);

insert into POST_POSTDETAIL (POST_POSTID, POSTDETAILS_POSTDETAILSID)
VALUES (1000, 1000);
insert into POST_POSTDETAIL (POST_POSTID, POSTDETAILS_POSTDETAILSID)
VALUES (1000, 1001);
insert into POST_POSTDETAIL (POST_POSTID, POSTDETAILS_POSTDETAILSID)
VALUES (1000, 1002);
insert into POST_POSTDETAIL (POST_POSTID, POSTDETAILS_POSTDETAILSID)
VALUES (1000, 1003);

insert into POST_POSTDETAIL (POST_POSTID, POSTDETAILS_POSTDETAILSID)
VALUES (1000, 1000);
insert into POST_POSTDETAIL (POST_POSTID, POSTDETAILS_POSTDETAILSID)
VALUES (1000, 1001);
insert into POST_POSTDETAIL (POST_POSTID, POSTDETAILS_POSTDETAILSID)
VALUES (1000, 1002);
insert into POST_POSTDETAIL (POST_POSTID, POSTDETAILS_POSTDETAILSID)
VALUES (1000, 1003);

insert into POST_POSTDETAIL (POST_POSTID, POSTDETAILS_POSTDETAILSID)
VALUES (1000, 1000);
insert into POST_POSTDETAIL (POST_POSTID, POSTDETAILS_POSTDETAILSID)
VALUES (1000, 1001);
insert into POST_POSTDETAIL (POST_POSTID, POSTDETAILS_POSTDETAILSID)
VALUES (1000, 1002);
insert into POST_POSTDETAIL (POST_POSTID, POSTDETAILS_POSTDETAILSID)
VALUES (1000, 1003);